<?xml version="1.0" encoding="UTF-8"?>
<!DOCTYPE mapper PUBLIC "-//mybatis.org//DTD Mapper 3.0//EN" "http://mybatis.org/dtd/mybatis-3-mapper.dtd">
<mapper namespace="com.xinmeng.admin.mapper.CategoryMapper">

    <select id="getCategoryNameByArticleId" parameterType="Integer" resultType="String">
        SELECT c.category_name
        FROM article a, article_category b, category c
        WHERE a.id = #{id}
        AND a.id = b.article_id
        AND b.category_id = c.id
        AND c.deleted = 0
    </select>

    <select id="getArticleListByCategoryId" parameterType="Integer" resultType="com.xinmeng.entity.Article">
        SELECT a.*
        FROM article a, article_category b, category c
        WHERE  c.id = #{id}
        AND    c.id = b.category_id
        AND    b.article_id = a.id
        AND    a.deleted = 0
    </select>

    <select id="getTopCategories" resultType="com.xinmeng.entity.Category">
        SELECT a.*, count(b.article_id) c
        FROM category a, article_category b
        WHERE a.id = b.category_id
        GROUP BY a.id
        ORDER BY c DESC
        LIMIT 10
    </select>

    <select id="getCategoryIdByName" parameterType="String" resultType="Integer">
        SELECT id
        FROM category
        WHERE category_name = #{categoryName}
        AND deleted = 0
    </select>

</mapper>
