<?xml version="1.0" encoding="UTF-8"?>
<!DOCTYPE mapper PUBLIC "-//mybatis.org//DTD Mapper 3.0//EN" "http://mybatis.org/dtd/mybatis-3-mapper.dtd">
<mapper namespace="com.xinmeng.admin.mapper.TagMapper">

    <select id="getTagNameByArticleId" resultType="String" parameterType="Integer">
        SELECT  c.tag_name
        FROM article a, article_tag b, tag c
        WHERE a.id = #{id}
        AND a.id = b.article_id
        AND b.tag_id = c.id
    </select>

    <select id="getArticleListByTagId" resultType="com.xinmeng.entity.Article" parameterType="Integer">
        SELECT a.*
        FROM    article a, article_tag b, tag c
        WHERE   a.id = b.article_id
        AND     c.id = b.tag_id
        AND     c.id = #{id}
    </select>


    <select id="getTopTags" resultType="com.xinmeng.entity.Tag" >
        SELECT  a.*, count(b.article_id) c
        FROM tag a, article_tag b
        WHERE a.id = b.tag_id
        GROUP BY a.id
        ORDER BY c DESC
        LIMIT 10
    </select>


    <select id="getTagIdByName" resultType="Integer" parameterType="String">
        SELECT id
        FROM tag
        WHERE tag_name = #{tagName}
        AND deleted = 0
    </select>


</mapper>
