<?xml version="1.0" encoding="UTF-8"?>
<!DOCTYPE mapper PUBLIC "-//mybatis.org//DTD Mapper 3.0//EN" "http://mybatis.org/dtd/mybatis-3-mapper.dtd">
<mapper namespace="com.xinmeng.admin.mapper.UserMapper">



    <select id="getRoleNameByUserId" parameterType="Integer" resultType="String">
        SELECT b.role_name
        FROM user_role a, role b
        WHERE b.id = a.role_id
        AND a.user_id = #{userId}
    </select>

    <select id="getById" parameterType="Integer" resultType="com.xinmeng.entity.User">
        SELECT *
        FROM user
        WHERE id = #{userId}
        AND deleted = 0
    </select>

    <select id="getUserByName" parameterType="String" resultType="com.xinmeng.entity.User">
        SELECT *
        FROM user
        WHERE username = #{name}
        AND deleted = 0
    </select>


    <select id="checkUserByEmail" parameterType="String" resultType="com.xinmeng.entity.User">
        SELECT *
        FROM user
        WHERE mail = #{account}
        AND deleted = 0
    </select>

    <select id="checkUserByTel" parameterType="String" resultType="com.xinmeng.entity.User">
        SELECT *
        FROM user
        WHERE tel = #{account}
        AND deleted = 0
    </select>


    <select id="getUserById" parameterType="Integer" resultType="com.xinmeng.entity.User">
        SELECT *
        FROM user
        WHERE id = #{userId}
        AND deleted = 0
    </select>

    <select id="selectByIpAddress" resultType="com.xinmeng.entity.User" parameterType="String">
        SELECT *
        FROM user
        WHERE user_login_ip = #{ipAddress}
        AND deleted = 0
    </select>


</mapper>